[
  {
    "id": 8,
    "userId": 2,
    "action": "UPDATE",
    "details": "Updated activity: fwfwEFW",
    "ipAddress": "10.81.10.63",
    "userAgent": "Mozilla/5.0 (Windows NT 10.0; Win64; x64) AppleWebKit/537.36 (KHTML, like Gecko) Chrome/137.0.0.0 Safari/537.36 Edg/137.0.0.0",
    "resourceType": "activities",
    "resourceId": "1",
    "timestamp": "2025-06-27T13:11:32.537Z"
  },
  {
    "id": 7,
    "userId": 2,
    "action": "Slider Silme",
    "details": "Ana sayfa slider silindi: ergrtg",
    "ipAddress": "10.82.9.80",
    "userAgent": "Mozilla/5.0 (Windows NT 10.0; Win64; x64) AppleWebKit/537.36 (KHTML, like Gecko) Chrome/137.0.0.0 Safari/537.36 Edg/137.0.0.0",
    "resourceType": "sliders",
    "resourceId": "2",
    "timestamp": "2025-06-27T12:43:41.491Z"
  },
  {
    "id": 6,
    "userId": 2,
    "action": "Slider Silme",
    "details": "Ana sayfa slider silindi: ergrtg",
    "ipAddress": "10.82.9.80",
    "userAgent": "Mozilla/5.0 (Windows NT 10.0; Win64; x64) AppleWebKit/537.36 (KHTML, like Gecko) Chrome/137.0.0.0 Safari/537.36 Edg/137.0.0.0",
    "resourceType": "sliders",
    "resourceId": "1",
    "timestamp": "2025-06-27T12:43:37.812Z"
  },
  {
    "id": 5,
    "userId": 2,
    "action": "Arşiv Oluşturma",
    "details": "Yeni arşiv öğesi oluşturuldu: ewfewef",
    "ipAddress": "10.82.7.49",
    "userAgent": "Mozilla/5.0 (Windows NT 10.0; Win64; x64) AppleWebKit/537.36 (KHTML, like Gecko) Chrome/137.0.0.0 Safari/537.36 Edg/137.0.0.0",
    "resourceType": "archive",
    "resourceId": "2",
    "timestamp": "2025-06-27T12:43:26.931Z"
  },
  {
    "id": 4,
    "userId": 2,
    "action": "Etkinlik Ekleme",
    "details": "Yeni etkinlik oluşturuldu: FWefwfwf",
    "ipAddress": "10.82.7.49",
    "userAgent": "Mozilla/5.0 (Windows NT 10.0; Win64; x64) AppleWebKit/537.36 (KHTML, like Gecko) Chrome/137.0.0.0 Safari/537.36 Edg/137.0.0.0",
    "resourceType": "events",
    "resourceId": "1",
    "timestamp": "2025-06-27T12:43:10.826Z"
  },
  {
    "id": 3,
    "userId": 2,
    "action": "CREATE",
    "details": "Created activity: fwfwEFW",
    "ipAddress": "10.82.7.49",
    "userAgent": "Mozilla/5.0 (Windows NT 10.0; Win64; x64) AppleWebKit/537.36 (KHTML, like Gecko) Chrome/137.0.0.0 Safari/537.36 Edg/137.0.0.0",
    "resourceType": "activities",
    "resourceId": "1",
    "timestamp": "2025-06-27T12:43:02.267Z"
  },
  {
    "id": 2,
    "userId": 1,
    "action": "Yetkisiz Giriş Denemesi",
    "details": "Korumalı admin hesabına başarısız giriş denemesi: admin",
    "ipAddress": "127.0.0.1",
    "userAgent": "curl/8.11.1",
    "resourceType": "security",
    "resourceId": "admin-login",
    "timestamp": "2025-06-27T10:47:02.242Z"
  },
  {
    "id": 1,
    "userId": 2,
    "action": "Güvenlik Sistemi Test",
    "details": "Güvenlik kayıtları sisteminin test edilmesi",
    "ipAddress": "127.0.0.1",
    "userAgent": "Test Script",
    "resourceType": "security",
    "resourceId": "test-1",
    "timestamp": "2025-06-27T08:32:38.031Z"
  }
]