{
  "name": "kark-website",
  "version": "1.0.0",
  "description": "KARK Website - Archive Management System",
  "main": "server.js",
  "scripts": {
    "start": "node server.js",
    "dev": "node server.js",
    "production": "NODE_ENV=production node server.js"
  },
  "keywords": ["kark", "archive", "community", "website"],
  "author": "KARK Organization",
  "license": "MIT",
  "dependencies": {
    "express": "^4.18.2",
    "express-session": "^1.17.3",
    "cors": "^2.8.5",
    "helmet": "^7.1.0",
    "express-rate-limit": "^7.1.5",
    "express-mongo-sanitize": "^2.2.0",
    "hpp": "^0.2.3",
    "xss": "^1.0.14",
    "dotenv": "^16.3.1",
    "mysql2": "^3.6.5",
    "bcryptjs": "^2.4.3",
    "path": "^0.12.7",
    "fs": "^0.1.4"
  },
  "engines": {
    "node": ">=16.0.0"
  }
}